"rank","team","past_week_average","current_week","cutline","franchise_key"
"1","Chris Paepke (@cpap_cstar17) Rahal Letterman Lanigan Racing","147.29","406.90","+87.77","sleeper:1237453381916692480:9"
"2","Alfredo Sosa (@asosachoza) Diablos Rojos del México Live","143.39","399.48","+76.45","sleeper:1237103709314371584:9"
"3","Matthew Socha (@SochaMatthew) Kansas City Royals Live","150.61","378.88","+63.07","sleeper:1237128342746968064:4"
"4","515 Fantasy Football, ESPN Des Moines - Andy Hall (@AndyHallRadio) Savannah Bananas","137.61","388.14","+59.33","sleeper:1237450813899554816:10"
"5","Dynasty Dummies - John Michael (@JMicCheck) Kentucky Wildcats Live","146.88","370.94","+51.40","sleeper:1237138506694807552:12"
"6","Joe Sloan (@_im_joe_) Rutgers Scarlet Knights","143.27","374.06","+50.91","sleeper:1237452431428681728:2"
"7","Joe Preziuso (@Joe_Prez22) Dallas Stars Live","151.77","359.82","+45.17","sleeper:1237139913552437248:10"
"8","network television writer/Garrett Lerner - David Foster (@davidfosterbigpartyjoe) Los Angeles Chargers Live","146.00","360.60","+40.18","sleeper:1237293643140706304:9"
"9","Bharat Balyan Wake Forest Demon Deacons","149.08","355.40","+38.06","sleeper:1237438007254978560:2"
"10","Robb Silverstein (@robbsilverstein) California Golden Bears","153.48","350.14","+37.20","sleeper:1237307979309535232:1"
"11","Cody Hess (@Cody_Hess02) Columbus Blue Jackets","141.56","361.04","+36.18","sleeper:1237310338513256448:5"
"12","Lee Fawber Golden State Warriors","150.41","350.86","+34.85","sleeper:1237316097846284288:2"
"13","Todd Peat (@TJPeat) USC Trojans","140.44","358.48","+32.50","sleeper:1237439131953397760:10"
"14","Benjamin Hernandez (@Taranis8) Boise State Broncos","147.36","347.22","+28.16","sleeper:1237305827933564928:9"
"15","Chandler Russell Texas Rangers Live","141.68","351.78","+27.04","sleeper:1237139658836549632:10"
"16","Ben Condeelis (@TheExtraPointFF) Winnipeg Blue Bombers","150.05","341.36","+24.99","sleeper:1237436073613721600:7"
"17","John Ryan (@jbr1962) South Carolina Gamecocks","143.96","346.24","+23.78","sleeper:1237449748441468928:7"
"18","Karson Trevillion Arkansas Razorbacks Live","146.61","341.96","+22.15","sleeper:1237114791701528576:7"
"19","RotoWire - Kevin O'Brien Dale Coyne Racing","136.71","350.48","+20.77","sleeper:1237312291943239680:9"
"20","South Morison (@Southgate_SFL) Capital City Go-Go Live","137.35","349.78","+20.71","sleeper:1237279682907357184:2"
"21","Dustin Flesch (@Dflash1017) Denver Broncos","137.46","349.66","+20.70","sleeper:1237312824154275840:11"
"22","Steve Jackson (@sjjackso2) Columbus Crew","147.56","337.70","+18.84","sleeper:1237310531249905664:11"
"23","CBS Sports - Frank Stampfl (@Roto_Frank) Globo Gym Purple Cobras (Dodgeball)","149.29","335.28","+18.15","mfl:www43.myfantasyleague.com:2025:68331:0004"
"24","Rick Magee Charlotte Sting Live","141.25","342.58","+17.41","sleeper:1237124129082064896:7"
"25","Kevin Dorman (@kwdorman) Newcastle","143.38","340.20","+17.16","sleeper:1237463008809066496:1"
"26","FFAkron - Jeff Bologna (@Jbologn1) Cleveland Cavaliers Live","143.32","339.26","+16.16","sleeper:1237114531721789440:9"
"27","Footballguys - Jason Wood (@fbgwood) Phoenix Suns","148.28","333.54","+15.40","sleeper:1237456109153820672:1"
"28","Footballguys.com - Drew Davenport (@DrewDavenportFF) Indiana Hoosiers","144.97","336.50","+15.05","sleeper:1237451371171557376:6"
"29","CHRISTOPHER WILD (@W1ldMD) Oklahoma Sooners","147.83","332.96","+14.37","sleeper:1237457419425038336:9"
"30","Fantasy Impact Today - Pierre Wilson (@pwee31) Indiana Fever Live","163.82","315.36","+12.76","sleeper:1237138299743645696:5"
"31","Backsportspage.com/Zero Technique Football Podcast - Ryan Stern (@rstern33) Boston College Eagles","138.85","340.26","+12.69","sleeper:1237306276623421440:3"
"32","April Balasquide (@aprilbalasquide) Las Vegas Aces Live","154.05","324.86","+12.49","sleeper:1237130763426598912:2"
"33","carl boullosa (@CarlBoullosa) Seattle Reign FC","144.15","334.00","+11.73","mfl:www43.myfantasyleague.com:2025:21953:0001"
"34","Matthew Cohen (@Precept24) New Jersey Devils","145.83","332.30","+11.71","sleeper:1237464060975382528:3"
"35","The Fantasy Footballers - Paul Marnie (@PaulMarnie) UCF Knights","161.92","316.18","+11.68","sleeper:1237439670808219648:3"
"36","Footballguys/ Fantasy Football RPG / Last Word on Sports - Mike Kashuba (@FFMikeKash) Virginia Tech Hokies","147.64","330.16","+11.38","sleeper:1237438117267378176:1"
"37","IN BETWEEN MEDIA - Steven Lawson (@Steve_Lawson93) Florida State Seminoles","144.06","332.30","+9.94","sleeper:1237315027334090752:11"
"38","John Burton (@Jjhp121315 ) Los Angeles Sparks","153.53","322.54","+9.65","sleeper:1237465884872687616:12"
"39","Brendan Connell (@Bmoney312312) St. Louis Blues","142.90","332.70","+9.18","sleeper:1237449077264756736:7"
"40","Rob Voegele (@Rob_Voegele) Charlotte FC","138.24","336.96","+8.78","sleeper:1237308506130874368:9"
"41","Guillotine Leagues - Paul Charchian (@PaulCharchian) UNLV Runnin Rebels Live","146.98","328.18","+8.74","sleeper:1237131513103917056:9"
"42","The Sporting News - Ed Williams (@EdWilliams300) Athletics","141.56","332.96","+8.10","sleeper:1237304342051049472:6"
"43","Women of Fantasy Football/GALvanize - Katie Caldwell (@katielauriss) Williams Racing","149.28","323.00","+5.86","sleeper:1237436195286298624:9"
"44","FantasyHolics - Ryan Frank (@LetsBeFrankFH) Bowling Green Falcons","144.99","326.88","+5.45","sleeper:1237306588142776320:4"
"45","Scott McLean (@scottinthe503) Oregon State Beavers","142.68","327.60","+3.86","sleeper:1237456882679959552:1"
"46","Colby Poulin Mount St. Marys Mountaineers","145.00","324.64","+3.22","sleeper:1250318395379810304:1"
"47","Luiz Almeida Arlington Renegades","152.48","316.82","+2.88","sleeper:1237303618823008256:4"
"48","DynastyWire - JM Viator (@Thedraftgenius) Sacramento Kings","148.53","319.02","+1.13","sleeper:1237452303938633728:4"
"49","Andy Reynolds (@@kareyn09) Indianapolis Colts Live","159.48","307.82","+0.88","sleeper:1237138017211125760:3"
"50","Marco Bortolotto (@MarcoBortolott8) Miami Heat","144.00","322.42","+0.00","sleeper:1237474270947311616:2"
"51","Amanda Solis (@manda_ays) San Antonio Spurs","147.61","318.64","-0.17","sleeper:1237452043019354112:3"
"52","Versell Thompson (@Zl1_vee) Houston Astros Live","138.77","327.38","-0.27","sleeper:1237119110526009344:6"
"53","Tom Howland (@ikemacnorman) Rutgers Scarlet Knights","136.53","329.16","-0.73","sleeper:1237452431428681728:5"
"54","NFL Network - LaQuan Jones (@Realdealfantasy) Las Vegas Athletics Live","140.69","324.96","-0.77","sleeper:1237130982948093952:9"
"55","Joe Ellis (@TheFantasyGiant) Arizona Wildcats","141.94","323.42","-1.06","sleeper:1237303483883868160:10"
"56","Rodrigo Silva de Britto (@rodra1979) Los Angeles Angels","143.11","321.54","-1.77","sleeper:1237465030362939392:10"
"57","Ian Hamilton (@DynastyHambino1) Ole Miss Rebels","147.82","314.56","-4.04","sleeper:1237457179598917632:9"
"58","The Fantasy 40 - @thefantasyforty - Matt Walker (@thefantasyforty) Texas State University Fightin Armadillos (Necessary Roughness)","134.93","326.70","-4.79","mfl:www43.myfantasyleague.com:2025:51475:0007"
"59","Nick Kuhl (@@NicholasKu12212) Minnesota United FC Live","136.71","324.68","-5.03","sleeper:1237294166174609408:12"
"60","TheUndroppables.com - Justin Mandaro (@Jman_FF) Dallas Mavericks Live","137.84","322.96","-5.62","sleeper:1237139464946450432:10"
"61","Roshun Pai (@Roshunpai) Vanderbilt Commodores","142.31","318.34","-5.77","sleeper:1237438433190744064:3"
"62","Aaron Moya (@Aaron_Maverick) Club América Live","153.23","307.34","-5.85","sleeper:1237104834151194624:7"
"63","Frederick Saporito (@Skappy625) Philadelphia 76ers Live","137.50","322.70","-6.22","sleeper:1237291072632131584:6"
"64","Charles Brown (@bcrhoawdn11400) Texas A&M Aggies","136.31","323.62","-6.49","sleeper:1237441013027459072:6"
"65","Lauree Foster (@laureefoster) Seattle Seahawks","142.99","316.38","-7.05","sleeper:1237450285190754304:1"
"66","Bill Schuler (@WilliamSchule20) Buffalo Bills","140.38","317.76","-8.28","sleeper:1237307133792366592:5"
"67","Fantasy Sports Advice Network and Undroppables - Grindberg (@FFCanuck99) Winnipeg Jets","149.29","308.60","-8.53","sleeper:1237435945339338752:1"
"68","Chad Cacchione (@JokerChad ) Los Angeles Lakers Live","140.68","317.06","-8.68","sleeper:1237293306082242560:9"
"69","Scott Weiss (@ScotttyDubs) UConn Huskies","146.65","310.78","-8.99","sleeper:1237439395749957632:1"
"70","Peter Christie (@Roguegravity) JR Motorsports","145.82","311.08","-9.52","sleeper:1237452868345143296:2"
"71","Game charter for Playerprofiler.com + charitable Fantasy leagues - Daniel Gamboa (@OGyodaSports) Los Angeles Dodgers Live","142.74","313.58","-10.10","sleeper:1237293468112404480:10"
"72","Zachary Bartlett Power Source","136.40","318.84","-11.18","sleeper:1237453907555274752:2"
"73","DynastyNerds - Garret Price (@DynastyPrice) Cleveland Guardians","146.31","308.78","-11.33","sleeper:1237309496045342720:11"
"74","Michelle Mayhew (@Sublimegirl74) Flint Tropics (Semi Pro)","152.75","302.30","-11.37","mfl:www43.myfantasyleague.com:2025:21997:0006"
"75","RPO Football and FTN - Leo McNeeley (@MasterIDP) Miami Sharks (Any Given Sunday)","149.52","304.20","-12.70","mfl:www43.myfantasyleague.com:2025:59306:0004"
"76","Jonathan Cloer (@Pike1212) Haas Factory Team","133.63","319.92","-12.87","sleeper:1237316421449437184:4"
"77","Casey Keil (@CaseyKeil42) Northwestern Wildcats Live","150.53","302.96","-12.93","sleeper:1237134825014444032:5"
"78","Tyler Bills (@TbillsAA) Cleveland Guardians Live","148.86","304.40","-13.16","sleeper:1237114254360846336:3"
"79","Dynasty Football Factory Yards Per Fantasy - Stephen Chalmers (@FFChalmers) Delaware Blue Hens","141.66","311.46","-13.30","sleeper:1237312706013319168:1"
"80","- Greg Quirk (@GregQuirkSports) Colorado Rockies Live","147.94","304.82","-13.66","sleeper:1237132232770981888:4"
"81","DLF - Ken Moody (@DLF_Kenm) San Diego Padres","143.99","308.62","-13.81","sleeper:1237451789259771904:8"
"82","Pat Joyce (@patjoyceFF) Arizona Cardinals","147.69","304.22","-14.51","sleeper:1237303079209025536:10"
"83","Francisco Casares (@Paco_casares) Racing Louisville FC","135.62","316.14","-14.66","sleeper:1237453511818485760:11"
"84","Blake Spatola New York Mets Live","144.73","306.66","-15.03","sleeper:1237291789648416768:11"
"85","Fantasy In Frames - Tyler Heil (@FFTylerHeil) Carolina Hurricanes","141.24","309.86","-15.32","sleeper:1237308122469511168:12"
"86","Liv Santiago (@Fatsalad_) Los Angeles Rams Live","152.41","298.30","-15.71","sleeper:1237293797054894080:12"
"87","Dustin Krugel (@DustinKrugel) Tennessee Titans Live","147.53","302.60","-16.29","sleeper:1237122067283845120:3"
"88","Randy Chaney (@WildcatRandy) Joe Gibbs Racing","155.24","294.70","-16.48","sleeper:1237452640896434176:9"
"89","brffootball.com.br - Caio Ribeiro (@CaioBr_FF) Manchester City","141.65","307.78","-16.99","sleeper:1237469896493764608:8"
"90","Alex Hebert (@Alexandrehebe14) Detroit Red Wings Live","152.89","296.12","-17.41","sleeper:1237113259870396416:12"
"91","The Devy Royale - Kevin Coleman (@Daboys_22) San Francisco Giants","140.86","307.44","-18.12","sleeper:1237451415475978240:1"
"92","Nathan Carosello (@NathanCarosello) Seattle Kraken","139.46","308.56","-18.40","sleeper:1237450685277024256:8"
"93","Bryan Murphy (@Bryan_j_murphy) Bayside Tigers (Saved by the Bell)","146.07","301.90","-18.45","mfl:www43.myfantasyleague.com:2025:36594:0001"
"94","Fantrax - Todd Hedberg (@TheToddMpls) Minnesota Aurora","141.83","305.74","-18.85","sleeper:1237295884539011072:1"
"95","Steven Hansell (@steveyroyal) Tampa Bay Rays","136.82","310.60","-19.00","sleeper:1237441798897414144:4"
"96","Fantasy Sports Advice Network - Matthew Mutchler (@TexasTrojanFF) Houston Texans Live","139.14","308.26","-19.02","sleeper:1237118674599419904:3"
"97","Brian Epperly (@bepps) Memphis Showboats","135.11","312.22","-19.09","sleeper:1237471131561103360:7"
"98","Graham Burton (@Burton04Graham) Toronto Blue Jays","137.10","309.46","-19.86","sleeper:1237440623682801664:4"
"99","Chasing Points Podcast - Sam Favata New York Red Bulls","142.70","303.74","-19.98","sleeper:1237463145295925248:4"
"100","4for4/SiriusXM - Brendan Darr (@BrendanDarr) Maryland Terrapins","146.20","300.04","-20.18","sleeper:1237470337185091584:3"
"101","Ryan Vretis (@Lilvretuno) Chelsea","141.99","304.18","-20.25","sleeper:1237308745042628608:10"
"102","Andrew DeLong (@SteveLong80) Omaha Stormchasers","139.98","304.66","-21.78","sleeper:1237313491463843840:5"
"103","Jesse Moore Jacksonville Jaguars","136.35","308.18","-21.89","sleeper:1237452441780224000:1"
"104","Jamie Luttrell-Houlihan (@houli75) Washington Commanders - Berry","142.20","302.26","-21.96","mfl:www43.myfantasyleague.com:2025:26001:0012"
"105","Mason Nichols (@Thegoose5000) Utah Jazz","140.57","303.78","-22.07","sleeper:1237438877065551872:6"
"106","Stefan Nowicki (@Stefannowicki) Brooklyn Nets","140.32","303.72","-22.38","sleeper:1237307010752458752:9"
"107","OD Fantasy - Mitchell Beaman (@MitchBeaman) Portland Sea Dogs Live","134.35","309.38","-22.69","sleeper:1237292069806940160:7"
"108","Robert Patterson (@Rob_PattersonSC) Clemson Tigers","142.13","301.46","-22.83","sleeper:1237309369184436224:1"
"109","4for4 - - Matt Savoca (@draftaholic) Washington Capitals","142.58","300.58","-23.26","sleeper:1237437873720922112:11"
"110","Peter Serio (@The_DumbleThor) Pittsburgh Steelers Live","144.61","297.30","-24.51","sleeper:1237287548317876224:9"
"111","Min Kim (@Mkim521) Tottenham Hotspur","138.37","303.04","-25.01","sleeper:1237440128671023104:6"
"112","Shandon Johnson (@FeeltheShand) Tottenham Hotspur","142.04","298.58","-25.80","sleeper:1237440128671023104:1"
"113","Jeremy Mayhew (@ez_livn) Vancouver Canucks Live","147.20","293.38","-25.84","sleeper:1237115296821542912:7"
"114","Sergi Biamonti (@@whodatspain) FC Barcelona Live","150.32","290.20","-25.90","sleeper:1237120455618338816:12"
"115","Former Matt Deutch intern - Milan Nevidomsky (@Mauryballstein) New York Rangers Live","143.22","297.06","-26.14","sleeper:1237292812882411520:4"
"116","Andrew Stencavage (@PlurlRuralJuror) New England Patriots Live","154.12","285.92","-26.38","sleeper:1237292272819642368:1"
"117","Matthew Akers (@MattAkers12) Anaheim Ducks","148.64","291.36","-26.42","sleeper:1237302364046643200:1"
"118","Graham Fisher Portland Thorns FC","139.26","300.06","-27.10","sleeper:1237455842488369152:6"
"119","Kent Kramer (@SpeshSportsTM) Cincinnati Bengals","142.04","297.10","-27.28","sleeper:1237309254252118016:9"
"120","DynastyFreeks.com - Justin Christopher (@LonghornJustin) Colorado Rapids","160.31","278.56","-27.55","sleeper:1237309896618151936:5"
"121","Morgan Haller (@MorganHaller) Virginia Cavaliers","144.99","293.28","-28.15","sleeper:1237438273844953089:8"
"122","Kevin Jackson Cleveland Browns Live","147.22","290.82","-28.38","sleeper:1237113988962066432:9"
"123","B.S.ing Sports Podcast - Ryan Swift (@BSing_sports) Arlington Renegades","142.12","295.92","-28.38","sleeper:1237303618823008256:8"
"124","Semi pro athlete - Addison Dovie (@@addisondovie3) Southampton","138.31","299.42","-28.69","sleeper:1237449611526799360:8"
"125","FootballGuys - Scott Bischoff (@Bischoff_Scott) Ole Miss Rebels","146.87","290.84","-28.71","sleeper:1237457179598917632:2"
"126","Casey Conlon (@CaseyConlon) New York Islanders","150.06","287.56","-28.80","sleeper:1237463405447630848:2"
"127","Bryan Hurley (@brhurley) Globo Gym Purple Cobras (Dodgeball)","149.87","287.50","-29.05","mfl:www43.myfantasyleague.com:2025:68331:0008"
"128","Jordan Marschke (@JPMarschke) Minnesota Twins Live","153.79","283.58","-29.05","sleeper:1237294577082183680:4"
"129","Phil Prior (@phil_prior) Sydney Swans Live","137.55","299.64","-29.23","sleeper:1237106577115185152:6"
"130","Lauren Baker (@LaurenPanadero) Ole Miss Rebels","139.63","297.42","-29.37","sleeper:1237457179598917632:5"
"131","Roster Wars - Sam Judd (@kingsam_ff) Bayside Tigers (Saved by the Bell)","145.41","291.62","-29.39","mfl:www43.myfantasyleague.com:2025:36594:0009"
"132","Byron Watkins (@Byron_Watkins) Kansas City Current Live","146.07","290.90","-29.45","sleeper:1237128826769645568:4"
"133","Lee Abrahams (@LeeAbo10) Harchester United Live","148.83","288.14","-29.45","sleeper:1237286811202486272:1"
"134","Harrahs Casino Kansas City - Zachary Mays (@Zxm3) Kansas City Current Live","140.58","296.28","-29.56","sleeper:1237128826769645568:2"
"135","Christian Messick (@MessyMessick) Iowa Hawkeyes","139.66","297.20","-29.56","sleeper:1237451791981875200:6"
"136","WCCO Radio/Audacy Mpls. - Chris Tubbs (@CMTubbs) Missouri Tigers","154.05","282.54","-29.83","sleeper:1237479535302152192:5"
"137","Jake Binegar (@binnytron) Cincinnati Bengals Live","150.89","285.62","-29.91","sleeper:1237135517947002881:11"
"138","RotoViz - Devin McIntyre (@devinmci) New York Liberty","141.87","294.46","-30.09","sleeper:1237463275038326784:1"
"139","Mike Muscarella (@@madsicilian) Polk High School Panthers (Married with Children)","134.60","301.62","-30.20","mfl:www43.myfantasyleague.com:2025:65346:0005"
"140","Phil Mountain (@Pmbigman) Leicester City","146.14","289.96","-30.32","sleeper:1237464390974836736:11"
"141","Fantasy In Frames - Melissa Edwards (@Mellalin) DC Defenders","142.89","292.78","-30.75","sleeper:1237312578619715584:8"
"142","Footballguys and Oddscheckers US - Tipp Major (@@tippmajor) Houston Oilers Live","145.56","289.80","-31.06","sleeper:1237118901758726144:10"
"143","Dustin Morrison (@Caribooloo1) CF Montreal","141.55","293.22","-31.65","sleeper:1237308375587373056:12"
"144","George Pendle (@@georgependle) Ottawa Redblacks","142.09","291.98","-32.35","sleeper:1237456633127247872:7"
"145","Andrea Jensen Los Angeles Kings","143.54","290.26","-32.62","sleeper:1237465677942501376:4"
"146","Nathan Kolb (@nalexko) Nashville Predators","144.43","289.22","-32.77","sleeper:1237480259054473216:3"
"147","Dub Club - CJ Kaltenbach (@TheSeigeDFS) Las Vegas Athletics Live","145.89","287.40","-33.13","sleeper:1237130982948093952:10"
"148","Steve Paulo San Jose Sharks","147.18","285.62","-33.62","sleeper:1237451181542866944:1"
"149","Cody Wagner (@not_rileyj) Michigan State Spartans","137.77","294.50","-34.15","sleeper:1237477915038322688:8"
"150","Colin OLeary North Carolina Tar Heels","147.48","284.76","-34.18","sleeper:1237458475022303232:4"
"151","Richard Boehmer (@Richardboehmer1 ) FC Cincinnati Live","157.90","274.28","-34.24","sleeper:1237136623108362240:3"
"152","Fantasy Ballers France - Marc Escoffier (@MajorMilouFB) Austin FC","149.51","282.26","-34.65","sleeper:1237304615951679488:9"
"153","Lindsay Kennedy (@Lin6) Calgary Flames","141.09","290.50","-34.83","sleeper:1237307713688436736:8"
"154","Sleeper - Joshua Larky (@JLarkyTweets) Denver Broncos Live","146.02","285.48","-34.92","sleeper:1237131758994993152:2"
"155","Average Joe''s Fantasy Football - Steven McCrory (@AvgJoes_ff) New England Revolution","145.47","285.96","-34.99","sleeper:1237464196325588992:5"
"156","Katie Zucker (@K_Tee15) Gotham Rogues (Batman)","139.11","292.12","-35.19","mfl:www43.myfantasyleague.com:2025:22171:0004"
"157","Steve Bateman (@TheSteveBateman) Montreal Alouettes","139.67","291.32","-35.43","mfl:www43.myfantasyleague.com:2025:60851:0004"
"158","Chris Ferchen (@FantasyFabio) Buffalo Bisons Live","143.70","286.54","-36.18","sleeper:1237121362720456704:12"
"159","Jonathan Jones (@ff_jjonesey16) Baum-Walker OmaHogs Live","144.22","285.92","-36.28","sleeper:1237115046576803840:6"
"160","Kevin Schwei (@kaschwei) Ottawa Senators","145.80","283.68","-36.94","sleeper:1237456500759220224:11"
"161","Dynasty Pros - Bob Miller (@DynastyBobFF) Team Penske","146.68","282.58","-37.16","sleeper:1237441349658103808:10"
"162","Paul Fitzsimmons Haas Factory Team","154.33","274.78","-37.31","sleeper:1237316421449437184:5"
"163","FTN - Tyler Loechner (@LoechnerNFL) South Park Cows (South Park)","138.63","290.42","-37.37","mfl:www43.myfantasyleague.com:2025:61246:0001"
"164","Scott Calka (@Scalka74 ) Colorado Rockies","136.91","292.10","-37.41","sleeper:1237310027153276928:5"
"165","Important Nonsense - Steve Bonham (@Nonsense_Steve) Tune Squad (Space Jam)","136.18","292.76","-37.48","mfl:www43.myfantasyleague.com:2025:17234:0009"
"166","Derek Caron Minnesota United FC Live","137.67","291.00","-37.75","sleeper:1237294166174609408:8"
"167","Brian Harr (@BrianHarrFF) Penn State Nittany Lions","139.40","289.04","-37.98","sleeper:1237456371855667200:12"
"168","Fantrax - Michael Reedy (@Mikereedyff) Boston Red Sox Live","142.00","286.28","-38.14","sleeper:1237293157243166720:11"
"169","Ryan Kennedy (@RyanKennedy_22) Pittsburgh Pirates Live","147.65","280.56","-38.21","sleeper:1237288155883769856:8"
"170","Dan Cummings Liverpool","155.94","272.18","-38.30","sleeper:1237464804164116480:2"
"171","Derek Likes Sports - Derek Thomas (@DerekAdamThomas) Washington Senators Live","148.48","279.46","-38.48","sleeper:1237280691717152768:2"
"172","Solo YouTube/Patreon Creator - TylerFFCreator (@TylerFFCreator) Santa Barbara Seagulls","153.05","274.72","-38.65","mfl:www43.myfantasyleague.com:2025:62474:0002"
"173","Scott Matthews (@scottmatth4) Carolina Hurricanes","136.75","290.52","-39.15","sleeper:1237308122469511168:1"
"174","David DiMenna (@KingDavid_DFF) Cincinnati Bearcats Live","147.44","279.72","-39.26","sleeper:1237137483569823744:5"
"175","CHUBZBURGER FANTASY SPORTS - Brandon Lane (@CHUBZBURGER) New Orleans Saints","152.71","273.82","-39.89","sleeper:1237463688449888256:3"
"176","Footballguys.com - Josh Fahlsing Detroit Lions Live","143.53","282.98","-39.91","sleeper:1237112524151738368:8"
"177","Allen Holzheimer (@papaphoenix1977) Minnesota Aurora","148.60","277.90","-39.92","sleeper:1237295884539011072:10"
"178","Michael Clark (@KappaAmerica) Kansas City Monarchs Live","146.52","279.90","-40.00","sleeper:1237128590072487936:1"
"179","Matthew Shoener (@@MK_Shoener) Calgary Stampeders","140.63","285.76","-40.03","sleeper:1237307845481857024:9"
"180","Drew Mac (@DmacFF) Kansas Jayhawks","137.90","288.46","-40.06","sleeper:1237453990774460416:10"
"181","Jose Dantas Oliveira Filho (@jdantasfilho) Angel City FC","154.33","271.82","-40.27","sleeper:1237302751508049920:2"
"182","Matthew Fenedick (@Lovemycowboys13) Team Penske","140.81","285.08","-40.53","sleeper:1237441349658103808:5"
"183","Michael Constanrlt (@Constantlycool) Boston Celtics","140.96","284.12","-41.34","sleeper:1237306136357511168:10"
"184","Chris Ackley (@Chrisackley33) Los Angeles Angels","138.13","286.90","-41.39","sleeper:1237465030362939392:11"
"185","TheFantasySanctuary/DLF - Richard Cooling (@DynastyIsland) Dillon Panthers (Friday Night Lights)","147.99","276.96","-41.47","mfl:www43.myfantasyleague.com:2025:38445:0011"
"186","PFF - Nathan Jahnke Cincinnati Bearcats Live","150.97","273.98","-41.47","sleeper:1237137483569823744:1"
"187","Stephanie Vincent San Diego Wave FC","141.20","283.58","-41.64","sleeper:1237451675438960640:4"
"188","Chris Smith (@Huckleberry403) Ohio State Buckeyes Live","149.30","274.86","-42.26","sleeper:1237137739296542720:9"
"189","Bettor Vision - Geoff Doyle (@@gmdoyle9) Northwestern Wildcats Live","140.48","283.58","-42.36","sleeper:1237134825014444032:2"
"190","FTN - Vlad Sedler (@RotoGut) Los Angeles Kings","150.76","273.26","-42.40","sleeper:1237465677942501376:5"
"191","Nick Robinson (@Nirobi03) Omaha Stormchasers","135.46","287.36","-43.60","sleeper:1237313491463843840:2"
"192","Dynasty Football Factory - Christipher Bean (@Christipherbean) Gotham Rogues (Batman)","140.10","282.70","-43.62","mfl:www43.myfantasyleague.com:2025:22171:0002"
"193","Adam Rosenbaum (@jetsfanR) Tune Squad (Space Jam)","144.42","278.28","-43.72","mfl:www43.myfantasyleague.com:2025:17234:0012"
"194","Gridiron Experts - Zach Greubel (@ZachGreubel) Denver Broncos","149.29","273.40","-43.73","sleeper:1237312824154275840:9"
"195","Eric Sokol (@esokes) McLaren","145.15","277.44","-43.83","sleeper:1237470916368154624:6"
"196","Elite Fantasy Nation - Matt Denis (@MatthewDenis1) Nashville SC","138.77","283.64","-44.01","sleeper:1237480479867817984:6"
"197","Brian Kelleher (@bakells) San Francisco Demons Live","144.63","277.26","-44.53","sleeper:1237130061304311808:1"
"198","Bernie Wolin (@WOLIN BERNIE ) NY Racing Team","147.58","273.62","-45.22","sleeper:1237457839392301056:2"
"199","Colleen Thomas (@Colleenelizas) San Francisco 49ers","140.86","280.34","-45.22","sleeper:1237451554575896576:9"
"200","Jesse Schott (@JesseSchott) Buffalo Bills Live","139.44","281.58","-45.40","sleeper:1237120742982701056:11"
"201","Brian Mink (@Ndalum00) Los Angeles Clippers","138.65","281.60","-46.17","sleeper:1237465236294877184:9"
"202","Fantasy Effect - Jonathan Hall (@Hallllerjono) Los Angeles Sparks","152.32","267.70","-46.40","sleeper:1237465884872687616:7"
"203","Coty Betts (@Cotybetts74 ) Hendrick Motorsports","139.01","280.90","-46.51","sleeper:1237450278106574848:5"
"204","Henning Engelund (@henninge) B.C. Lions Live","139.42","279.90","-47.10","sleeper:1237118407732637696:3"
"205","Jesse Reeves (@JesseReevesFF) Chelsea","141.15","278.02","-47.25","sleeper:1237308745042628608:2"
"206","Will Weinel Cincinnati Bengals","139.68","279.20","-47.54","sleeper:1237309254252118016:12"
"207","DLF - Kev White (@TheDynastyMind) Liverpool","145.36","273.20","-47.86","sleeper:1237464804164116480:8"
"208","Ryan Blair (@rcraig06) Birmingham Stallions","148.68","269.84","-47.90","sleeper:1237305682517053440:5"
"209","Elvin Ryan New Orleans Saints","140.07","278.20","-48.15","sleeper:1237463688449888256:4"
"210","Ryan Kirby (@Drk11) Houston Astros Live","141.96","275.56","-48.90","sleeper:1237119110526009344:1"
"211","Duane Lombard (@Lombard799 ) Newcastle","144.50","272.76","-49.16","sleeper:1237463008809066496:8"
"212","Christopher Ricci (@Christo14586164) Real Salt Lake","149.25","267.62","-49.55","mfl:www43.myfantasyleague.com:2025:38415:0001"
"213","Ricky Rodriguez (@RickyRod1022) Miami Marlins","149.42","267.40","-49.60","sleeper:1237474725333053440:10"
"214","Battle of the Sexes - Michael Salwan (@mraladdin23 ) Rockford Peaches (A League of Their Own)","147.80","268.74","-49.88","mfl:www43.myfantasyleague.com:2025:72711:0008"
"215","Corey Deaton (@N/A) Miami Hurricanes","141.88","274.66","-49.88","sleeper:1237474493249626112:4"
"216","Dynasty junkies Podcast, Fantasy Narrative Podcast - Dustin Church (@Dynastyjunkieff) Seattle SuperSonics Live","136.14","280.16","-50.12","sleeper:1237111523562754048:1"
"217","Daniel Huckel (@Dhuckman) UConn Huskies","143.70","272.58","-50.14","sleeper:1237439395749957632:5"
"218","Jed Becker (@Mustachio17) Madison Mallards Live","147.93","268.12","-50.37","sleeper:1237129585573756928:2"
"219","Club Fantasy FFL, Women of Fantasy Football - Joshua Hudson (@the1hudsonian) Miami Hurricanes","139.09","276.96","-50.37","sleeper:1237474493249626112:6"
"220","Skyler Munroe (@Skyler_Munroe) Jacksonville Jaguars","138.47","277.50","-50.45","sleeper:1237452441780224000:5"
"221","Bryan Hess (@Porg_IDP) Philadelphia Eagles Live","141.93","273.74","-50.75","sleeper:1237291851329830912:2"
"222","Biplab Mandal (@_Bipcoin) Minnesota Wild","140.87","274.68","-50.87","sleeper:1237479094224957440:12"
"223","Steven Bean (@Beands1280) Memphis Grizzlies Live","143.69","271.16","-51.57","sleeper:1237122266995621888:8"
"224","Yahoo/Rotowire - Fred Zinkie (@FredZinkieMLB) Winnipeg Blue Bombers","143.69","270.12","-52.61","sleeper:1237436073613721600:10"
"225","Chad Christensen (@cmc727) Faber College Mongols (Animal House)","141.82","271.32","-53.28","mfl:www43.myfantasyleague.com:2025:55080:0009"
"226","Fantasy Wildcard - Hannah Rowland (@hanrowland) Average Joe's (Dodgeball)","136.27","276.82","-53.33","mfl:www43.myfantasyleague.com:2025:18052:0006"
"227","Jaffna Hobbs (@Jaf2k3) Vancouver Canucks Live","141.66","271.06","-53.70","sleeper:1237115296821542912:12"
"228","Fantasy Football Happy Hour producer at NBC Sports - Peter Damilatis (@PeteDamilatis) New York City FC","147.64","264.96","-53.82","sleeper:1237463527095021568:3"
"229","Slash ValBentino (@-) Red Bull Racing","145.68","266.42","-54.32","sleeper:1237452961802620928:3"
"230","Todd Foster Vermont Lake Monsters Live","143.02","269.08","-54.32","sleeper:1237292831291224064:8"
"231","TargetsandTDs.com - Nick Smith (@Shizzbob ) Washington Nationals","142.59","269.00","-54.83","sleeper:1237436704592240640:5"
"232","Noel Gray San Francisco Demons Live","135.64","275.74","-55.04","sleeper:1237130061304311808:3"
"233","Dylan Tyler (@dstyle02) Cincinnati Cyclones Live","142.43","268.94","-55.05","sleeper:1237138917476540416:4"
"234","James Harris (@Sugarfreemocha) Los Angeles Chargers Live","137.71","273.56","-55.15","sleeper:1237293643140706304:10"
"235","Brandon Deraney (@B_Deraney) Atlanta United FC Live","155.50","254.90","-56.02","sleeper:1237107421655080960:3"
"236","Rotoviz & Clockwork Sports - Matt Spencer (@maatspencer) Georgia Tech Yellow Jackets","143.31","266.94","-56.17","sleeper:1237315754748018688:2"
"237","Brian Wright (@Bay9er) California Redwoods Live","150.69","259.16","-56.57","sleeper:1237130297468788736:3"
"238","Michael Lettieri Brentford","146.21","263.38","-56.83","sleeper:1237306765683478528:2"
"239","@TheUndroppables @FFDynoDieHards - Matthew Chester (@FFMadJester) Everton","148.84","260.70","-56.88","sleeper:1237314476437422080:9"
"240","Diego Dorantes (@diegodm_mx) Club América Live","154.66","254.36","-57.40","sleeper:1237104834151194624:1"
"241","FantasyGameday.App - Ankit Vohra (@TheAnkitVohra) Aston Villa","149.55","259.00","-57.87","sleeper:1237304193597837312:4"
"242","rotoheat.com - Director of Content Creation - Rob Sullivan (@sullys2cents) Winnipeg Jets","143.89","264.60","-57.93","sleeper:1237435945339338752:3"
"243","The IDP Show - Eric Harms (@EricHarmsFF) Wisconsin Badgers Live","139.91","268.38","-58.13","sleeper:1237129053907976192:2"
"244","John Gaskell (@JohnTGaskell) Norwich Sea Unicorns Live","143.57","264.46","-58.39","sleeper:1237292977148133376:4"
"245","The IDP Show - Mike Woellert (@Mike_Woellert) Cleveland Guardians","134.87","272.56","-58.99","sleeper:1237309496045342720:12"
"246","Justin Kueber (@Jkeebs) Vancouver Whitecaps FC","141.82","264.90","-59.70","sleeper:1237438604389662720:8"
"247","Footballguys - Dan Hindery (@Hindery) Ohio State Buckeyes Live","145.39","261.30","-59.73","sleeper:1237137739296542720:6"
"248","Nathan Lance (@Nathanlance1851) Indiana Pacers Live","136.78","269.48","-60.16","sleeper:1237138714866495488:8"
"249","Will Work For Food - Joe Babes (@JoeyNyerinFL) New York Mets Live","155.91","250.12","-60.39","sleeper:1237291789648416768:5"
"250","RotoWire - Jeff Erickson (@Jeff_Erickson) Los Angeles Dodgers Live","146.51","258.78","-61.13","sleeper:1237293468112404480:3"
"251","The Sports Affiliation - Cubby Strickland (@cubbystrickland ) Syracuse Orange","148.88","256.02","-61.52","sleeper:1237442171347402752:5"
"252","Alex Holva (@Alexholva) Philadelphia Eagles Live","142.56","262.30","-61.56","sleeper:1237291851329830912:9"
"253","Late-Round Fantasy Football - JJ Zachariason (@LateRoundQB) Pittsburgh Panthers","146.95","257.86","-61.61","sleeper:1237455975791742976:2"
"254","Rich Winson (@Richardwinson) London Monarchs Live","141.98","262.72","-61.72","sleeper:1237287074457980928:12"
"255","Fantasy Sports Advice Network - Corey Dozier (@FFAdviceCorey) Oklahoma City Thunder","139.07","265.46","-61.89","sleeper:1237457682319822848:5"
"256","Anthony Reimer (@Mrmeseeksff ) Cincinnati Bengals","137.81","266.22","-62.39","sleeper:1237309254252118016:11"
"257","Eric Danowski (@Daumhawksbears) Florida Panthers","135.86","267.88","-62.68","sleeper:1237314895154790400:4"
"258","Jonathan Blodgett (@Phogforce5) Kansas City Chiefs","149.27","254.40","-62.75","sleeper:1237453338098802688:5"
"259","Bob McKee (@BestBallBob) Average Joe's (Dodgeball)","144.47","259.16","-62.79","mfl:www43.myfantasyleague.com:2025:18052:0004"
"260","Derek McIntyre (@Booneville_stomp) Pittsburgh Penguins Live","136.66","266.88","-62.88","sleeper:1237287782230020096:10"
"261","Aram Hauslaib (@AramsHaus) Las Vegas Aces Live","138.62","264.90","-62.90","sleeper:1237130763426598912:11"
"262","The Icon Show - Jemo The Icon (@@jemotheiconshow) Chicago Fire FC","142.34","261.04","-63.04","sleeper:1237308881361719296:7"
"263","William Donnelly (@Wbks13) Boise State Broncos","142.38","260.90","-63.14","sleeper:1237305827933564928:8"
"264","Wes Gautier (@Colhorsemen) Oklahoma State Cowboys","143.85","259.26","-63.31","mfl:www43.myfantasyleague.com:2025:14046:0005"
"265","Athletic - Brandon Funston (@BrandonFunston) Seattle Seahawks","139.46","263.62","-63.34","sleeper:1237450285190754304:4"
"266","Joe Geraci (@Joegeraci28) Calgary Stampeders","142.41","260.40","-63.61","sleeper:1237307845481857024:11"
"267","Chris Abbott (@truechrisabbott) Chicago Fire Live","149.70","252.90","-63.82","sleeper:1237134617153130496:7"
"268","Dwayne Brown (@DwayneB13) Letterkenny Shamrocks (Letterkenny)","141.22","261.30","-63.90","mfl:www43.myfantasyleague.com:2025:73785:0002"
"269","Joao Perocco Neto (@jperocco) Brasil Onças Live","154.58","247.54","-64.30","sleeper:1237121599572807680:1"
"270","Patrick Engel Minnesota Frost","138.21","263.80","-64.41","sleeper:1237295570570182656:5"
"271","David Martin (@lookatme_tri) Texas State University Fightin Armadillos (Necessary Roughness)","135.02","266.98","-64.42","mfl:www43.myfantasyleague.com:2025:51475:0012"
"272","Jeremy Evans (@Dadchairsports) Cincinnati Bearcats Live","140.42","261.24","-64.76","sleeper:1237137483569823744:10"
"273","Jeff Bair (@FFB_Titan) Montreal Canadiens","146.48","254.54","-65.40","sleeper:1237480012026740736:11"
"274","Alex Andrews (@Acandrews12) Alabama Crimson Tide","144.27","256.70","-65.45","sleeper:1237296294611931136:2"
"275","FanDuel Research - Jim Sannes (@JimSannes) 23XI Racing","140.13","260.62","-65.67","sleeper:1237296034602819584:8"
"276","Leagues 1.01 - Scott Shute (@Skunkdrool) Chip Ganassi Racing","146.17","254.54","-65.71","sleeper:1237309125277265920:12"
"277","Stacey Evans (@C0LDE) RB F1 Team","146.55","254.00","-65.87","sleeper:1237453216438820864:8"
"278","Craig Evers South Park Cows (South Park)","141.15","259.38","-65.89","mfl:www43.myfantasyleague.com:2025:61246:0007"
"279","Dustin Keith (@Omegaking1414) West Ham United","149.51","250.82","-66.09","sleeper:1237436328275087360:4"
"280","Fantasy Six Pack - Dave Eddy (@CorporalEddy ) Detroit Lions Live","146.72","253.54","-66.16","sleeper:1237112524151738368:4"
"281","John Candelaria (@Scdoublej) USC Trojans","149.13","250.80","-66.49","sleeper:1237439131953397760:3"
"282","Daniel Cavenaugh (@Obiwanoutlaw) Chicago Blackhawks Live","150.96","248.54","-66.92","sleeper:1237134409124028416:3"
"283","Scott Stevens (@ffstockbroker) Blue Mountain State Goats (Blue Mountain State)","138.02","260.80","-67.60","mfl:www43.myfantasyleague.com:2025:67031:0001"
"284","Yards Per Fantasy - Kevin Richards (@FF_KRich) New Orleans Pelicans","138.20","260.00","-68.22","mfl:www43.myfantasyleague.com:2025:61245:0009"
"285","Trey Huguley (@TreyStation360) Baylor Bears","144.30","253.72","-68.40","sleeper:1237305019229814784:1"
"286","David Iverson (@LohansRedCarpet ) Seattle Storm","146.01","251.22","-69.19","sleeper:1237450038582444032:8"
"287","Alyssa Miller (@alyssarmiller) Toronto Blue Jays","139.77","257.20","-69.45","sleeper:1237440623682801664:5"
"288","Matthew Porritt Georgia Tech Yellow Jackets","156.91","239.90","-69.61","sleeper:1237315754748018688:5"
"289","Robert Langley Portland Thorns FC","145.79","250.76","-69.87","sleeper:1237455842488369152:4"
"290","Garret Bergeleen (@Garret_Lane) Minnesota Lynx","151.42","245.10","-69.90","sleeper:1237295422800666624:8"
"291","Michael McQueeney (@MikeMcQ) USC Trojans","142.11","254.18","-70.13","sleeper:1237439131953397760:5"
"292","Kevin Pritchard Urbania Little Giants (Little Giants)","145.54","250.62","-70.26","mfl:www43.myfantasyleague.com:2025:20503:0002"
"293","GARY TATER (@Spudsteeler) Edmonton Oilers","134.03","261.90","-70.49","sleeper:1237314326377811968:4"
"294","Austin New (@StonedSportDude) Kansas City Current","136.66","258.98","-70.78","sleeper:1237453571352436736:5"
"295","FantasyPros - Mike Maher (@mikeMaher) Atlanta Braves Live","140.42","255.18","-70.82","sleeper:1237107079060135936:12"
"296","Joey G LA Galaxy","149.51","245.46","-71.45","sleeper:1237463943006404608:12"
"297","Rich Jackson (@bro1ncos) Springfield Isotopes (Simpsons)","143.61","251.24","-71.57","mfl:www43.myfantasyleague.com:2025:11376:0008"
"298","James Chandler (@Jimmymchandler ) Mississippi State Bulldogs","143.82","251.00","-71.60","sleeper:1237479319391977472:12"
"299","Diego Lopez (@Diego24fps) San Antonio Brahmas","134.89","259.86","-71.67","sleeper:1237452172816285696:7"
"300","Chad Camacho (@chad_macho) Sauber Racing","146.72","248.00","-71.70","sleeper:1237450946053668864:12"
"301","David Ross Seattle Seahawks Live","142.83","251.52","-72.07","sleeper:1237111076408008704:9"
"302","Scott Redeker (@@StRedeker7) Southampton","144.50","249.84","-72.08","sleeper:1237449611526799360:4"
"303","Chris Pettus Brooklyn Nets","148.51","245.80","-72.11","sleeper:1237307010752458752:1"
"304","Carolyn Collins (@cjc_54) Boise State Broncos","149.78","244.12","-72.52","sleeper:1237305827933564928:11"
"305","Jurgen Huck (@jurgenhuck) Washington Commanders - Berry","159.39","234.18","-72.85","mfl:www43.myfantasyleague.com:2025:26001:0010"
"306","Chris Carter (@Ccarter_bass) Arizona Diamondbacks","143.96","249.48","-72.98","sleeper:1237303213313511424:6"
"307","Fantasy sharks - Justin Weigal (@Jweigal) DePaul Blue Demons Live","147.17","246.04","-73.21","sleeper:1237135240149876736:11"
"308","Brent Houlding (@Mimicgogo) Utah Jazz","142.94","249.90","-73.58","sleeper:1237438877065551872:7"
"309","Heath Boyd (@Heathtboyd ) Atlanta Falcons Live","153.24","239.18","-74.00","sleeper:1237106827297030144:2"
"310","John Romaker (@jro3829) FC Cincinnati Live","145.46","246.70","-74.26","sleeper:1237136623108362240:4"
"311","Fantasy Sports Advice Network - Kyle Dozier (@KyleDozier) Oklahoma City Thunder","146.62","244.88","-74.92","sleeper:1237457682319822848:1"
"312","Joseph Rocha Brooklyn Nets","151.38","240.08","-74.96","sleeper:1237307010752458752:7"
"313","Ben Lauck (@real_Blauck) RFK Racing","143.41","247.90","-75.11","sleeper:1237452833263988736:3"
"314","Jason Matheny (@jasonmatheny) Fulham","141.26","249.94","-75.22","sleeper:1237315345325236224:6"
"315","Tige Stromire (@@codawg24) Denver Nuggets Live","142.09","248.70","-75.63","sleeper:1237132011647275008:10"
"316","Viper Fantasy Network - Matt Donnelly (@MattDonnellyFF) Texas State University Fightin Armadillos (Necessary Roughness)","153.81","236.82","-75.79","mfl:www43.myfantasyleague.com:2025:51475:0009"
"317","Shawn Perry (@Perry_Shawn38) St. Louis BattleHawks","139.96","250.50","-75.96","sleeper:1237449208764571648:1"
"318","Adam Jackson Chicago Bulls Live","147.13","243.12","-76.17","sleeper:1237133746059104256:9"
"319","Mitchell Barcey (@mbarcey118) Detroit Pistons Live","138.89","251.08","-76.45","sleeper:1237113002696646656:9"
"320","Ian Kinnear (@IanKinnear33) San Diego Wave FC","142.37","247.48","-76.57","sleeper:1237451675438960640:11"
"321","Frederick CADental Lab (@ohsnapitstechy) New York Rangers Live","145.53","244.20","-76.69","sleeper:1237292812882411520:6"
"322","Levie Zummak (@Levie_zummak) DePaul Blue Demons Live","134.28","255.36","-76.78","sleeper:1237135240149876736:9"
"323","Trevor Mehl (@shmehly) Ottawa Senators","145.30","243.20","-77.92","sleeper:1237456500759220224:7"
"324","Lee Anthony (@MADDL007) Florida Gators Live","148.79","239.68","-77.95","sleeper:1237289576112865280:7"
"325","Michael Henry (@mjhpitt) Wood Brothers Racing","138.02","249.70","-78.70","sleeper:1237435610705186816:10"
"326","Ian Dupont (@Smkmonstarzpont ) Vancouver Whitecaps FC","143.92","243.54","-78.96","sleeper:1237438604389662720:6"
"327","ESPN - Pierre Becquey Toronto Argonauts","146.27","241.16","-78.99","sleeper:1237440747213434880:3"
"328","Touchdown en Familia - Jaime Tamez (@PacTamezTDF) Sultanes de Monterrey Live","142.00","245.22","-79.20","sleeper:1237102272542949376:1"
"329","Brandon McKenna (@arsenalistrator ) Arsenal","139.52","247.70","-79.20","sleeper:1237303900789280768:9"
"330","Andreas Vogt Sauber Racing","147.34","239.86","-79.22","sleeper:1237450946053668864:2"
"331","BsingSports - Jacob Croghan (@BSingSportsBets ) Orlando Magic Live","151.73","235.34","-79.35","sleeper:1237289091993706496:3"
"332","Kristopher Pittillo (@Toe7685) Baylor Bears","138.89","247.46","-80.07","sleeper:1237305019229814784:8"
"333","Darick Jurgens (@Darickjurgens) Kansas City Royals","144.54","241.66","-80.22","sleeper:1237453770401521664:6"
"334","Tim Buchanan (@Timbuke) Hartford Whalers Live","146.68","239.46","-80.28","sleeper:1237292444890955776:2"
"335","Brett Schwartzkopf (@FFGeneral_) Buffalo Bills","138.14","247.88","-80.40","sleeper:1237307133792366592:3"
"336","Matt Hainy (@matthainy) Milwaukee Brewers","149.90","236.10","-80.42","sleeper:1237478365670162432:7"
"337","PlayerProfiler/FTN/Rotoballer - Dan Fornek (@fornekdf) Seattle Kraken","146.44","239.44","-80.54","sleeper:1237450685277024256:6"
"338","Eric Gosselin Toronto Blue Jays","143.95","241.90","-80.57","sleeper:1237440623682801664:8"
"339","Ki-Hon Lin Atlanta United FC Live","141.44","244.18","-80.80","sleeper:1237107421655080960:4"
"340","Jesus Angel Duarte (@duarte_tellez) Pumas UNAM Live","142.30","242.48","-81.64","sleeper:1237105911663706112:2"
"341","Jacob Rickrode (@Clutchfantasy ) Andretti Global","154.59","229.86","-81.97","sleeper:1237302578702725120:10"
"342","Nick Singer (@Cougsky) NJ/NY Gotham FC","148.10","236.22","-82.10","sleeper:1237462853670150144:6"
"343","Dynasty Theory Podcast - DDFantasyFootball.com - Mitch Sorenson (@DynoMC) Utah Jazz","142.67","241.46","-82.29","sleeper:1237438877065551872:4"
"344","Gus Guerra (@guerragus) Richard Childress Racing","146.11","237.78","-82.53","mfl:www43.myfantasyleague.com:2025:68216:0001"
"345","Matty Werner Saskatchewan Roughriders","141.47","242.28","-82.67","sleeper:1237451069143912448:12"
"346","The Athletic - Brandon Marianne Lee (@BrandonHerFFB) New York Knicks Live","140.88","242.56","-82.98","sleeper:1237292412137639936:12"
"347","Fantasy Points - John Proctor (@johnnyp135DFS) London Silly Nannies (Family Guy)","140.58","242.40","-83.44","mfl:www43.myfantasyleague.com:2025:45453:0006"
"348","Fantasy Points, FTN - C.H. Herms (@CH_Herms) Washington Capitals","144.28","238.60","-83.54","sleeper:1237437873720922112:3"
"349","Eduardo Yerena (@@eduardoyerenac) McLaren","136.01","246.80","-83.61","sleeper:1237470916368154624:12"
"350","James Wimmers (@yaj2112) South Carolina Gamecocks","153.63","229.02","-83.77","sleeper:1237449748441468928:4"
"351","(Formerly with PlayerProfiler, now a free agent) - Ray Marzarella (@rayraymarz) Tune Squad (Space Jam)","138.16","244.38","-83.88","mfl:www43.myfantasyleague.com:2025:17234:0001"
"352","Noah Toews (@Toewsff ) Minnesota Wild","153.19","228.72","-84.51","sleeper:1237479094224957440:10"
"353","Jeremy Marzofka (@Jmarzy131) Seattle Storm","146.15","235.56","-84.71","sleeper:1237450038582444032:4"
"354","Southern Bluegrass Fantasy Football Championship - Brian Harwood (@TheSBFFC) Cincinnati Reds Live","138.86","242.12","-85.44","sleeper:1237136405109420032:8"
"355","Julian Ferreira (@redhotdrummer87) Gotham Knights (Batman)","138.69","241.90","-85.83","mfl:www43.myfantasyleague.com:2025:44847:0004"
"356","Gregory Manley (@gamanley) Harlem Globetrotters (Harlem Globetrotters)","146.46","233.78","-86.18","mfl:www43.myfantasyleague.com:2025:59242:0009"
"357","Mobn Sports - Travis Sumpter (@tjsumpter55) Minnesota Timberwolves Live","144.32","235.86","-86.24","sleeper:1237293945407426560:6"
"358","Zach Harris (@MisterMayhem_86) OKC 89ers Live","138.30","240.48","-87.64","sleeper:1237108445807644672:10"
"359","Jesse Marcus (@The_Real_Gouda) Colorado Buffaloes","143.69","234.80","-87.93","sleeper:1237309735858872320:9"
"360","Chad Hassey (@freak4fantasy) New England Patriots Live","135.35","242.72","-88.35","sleeper:1237292272819642368:8"
"361","Alex Ashoori Seattle Sounders FC","138.81","239.04","-88.57","sleeper:1237450164998787072:8"
"362","Rhett Taylor (@RDT_MD) Florida Panthers","133.42","244.40","-88.60","sleeper:1237314895154790400:12"
"363","Dylan Torrey (@DribblinTorpedo) A.J. Foyt Enterprises","146.25","230.94","-89.23","sleeper:1237296164190048256:7"
"364","Rookie Big Board - Matt Hicks (@TheFF_Educator) Arrow McLaren","144.72","232.46","-89.24","sleeper:1237303755519565824:4"
"365","Nicholas Fox (@CT_FOX) Philadelphia Phillies Live","143.78","233.30","-89.34","sleeper:1237291660912631808:3"
"366","Kieran O Keeffe (@kie_kong_ok) Power Source","142.68","233.80","-89.94","sleeper:1237453907555274752:1"
"367","Drew Hohman (@drewhohman) Cleveland Browns Live","148.51","227.84","-90.07","sleeper:1237113988962066432:11"
"368","Conner Loes Georgia Bulldogs","145.64","230.68","-90.10","sleeper:1237315630437253120:1"
"369","Jay De Lanoy (@desfido) Cincinnati Bengals Live","140.15","236.10","-90.17","sleeper:1237135517947002881:6"
"370","Paul Winterhalter (@Pwindynasty) Springfield Isotopes (Simpsons)","147.28","228.90","-90.24","mfl:www43.myfantasyleague.com:2025:11376:0001"
"371","Ryan McQueen (@McQ315) Syracuse Orange","137.93","238.12","-90.37","sleeper:1237442171347402752:3"
"372","Investor in BettorVision - Chris Nakutis Taylor (@Chrisnaktaylor) Washington Huskies","141.44","234.20","-90.78","sleeper:1237437458954592256:11"
"373","RPO Football/FantasyPros/Fantasy Six Pack - Mason Riney (@Caliking49er17) Sacramento Gold Miners Live","143.79","231.64","-90.99","sleeper:1237129863274442752:6"
"374","Tommy Moening (@dynastyffworld) Chip Ganassi Racing","145.87","228.72","-91.83","sleeper:1237309125277265920:9"
"375","Alyssa Hartman (@KittyPurry_Ca) Miami Marlins","140.77","233.80","-91.85","sleeper:1237474725333053440:8"
"376","Dan Jewett (@danjewett83) Cincinnati Cyclones Live","140.84","232.68","-92.90","sleeper:1237138917476540416:10"
"377","RotoGrinders - Christopher Prince (@beermakersfan) Milwaukee Beers (Baseketball)","137.82","235.50","-93.10","mfl:www43.myfantasyleague.com:2025:61023:0011"
"378","George Trudell Bowling Green Falcons","140.93","232.32","-93.17","sleeper:1237306588142776320:3"
"379","David Rose (@drose523) Texas A&M Aggies","141.93","230.98","-93.51","sleeper:1237441013027459072:11"
"380","Bobby Lawrence (@SuperFlexJunkie) Washington Sentinals (Replacements)","155.11","217.68","-93.63","mfl:www43.myfantasyleague.com:2025:25441:0011"
"381","BucJordan (@LetsBuccingGo) UCF Knights","151.46","221.08","-93.88","sleeper:1237439670808219648:2"
"382","Connie Weiss (@Chweiss) Racine Belles (A League of Their Own)","139.93","232.48","-94.01","mfl:www43.myfantasyleague.com:2025:63643:0011"
"383","DLF - Amy Garcia Dallas Stars Live","134.44","237.72","-94.26","sleeper:1237139913552437248:7"
"384","Chris De sousa (@DeWildcard21) Wake Forest Demon Deacons","146.43","225.36","-94.63","sleeper:1237438007254978560:8"
"385","Kasper Dreyer (@Mika_DynastyFF) Blue Mountain State Goats (Blue Mountain State)","145.62","225.86","-94.94","mfl:www43.myfantasyleague.com:2025:67031:0006"
"386","Rocco Cacciola (@Roccocatch) New York Jets Live","146.03","224.56","-95.83","sleeper:1237291114029924352:5"
"387","The Dynasty Movement (TDM) Discord Moderator - Adam Scheler (@Oldmanyeller) Minnesota Twins Live","150.01","220.46","-95.95","sleeper:1237294577082183680:7"
"388","Jose Borbolla (@FantasyLoko) Fulham","148.97","219.58","-97.87","sleeper:1237315345325236224:5"
"389","Logan Reinig Omaha Mavericks Live","139.76","227.50","-99.16","sleeper:1237110785721778176:5"
"390","Ben Albert USC Trojans","150.76","216.48","-99.18","sleeper:1237439131953397760:12"
"391","Andrew Kallio (@Afkallio) Wisconsin Badgers Live","134.81","232.08","-99.53","sleeper:1237129053907976192:12"
"392","Dynasty Theory Fantasy Football Show - John Bauer (@TheBauerClub) Polk High School Panthers (Married with Children)","139.41","227.42","-99.59","mfl:www43.myfantasyleague.com:2025:65346:0001"
"393","Optimus Fantasy Football - Jennifer Polvogt (@Jenpolvogt) Colorado Rockies Live","140.30","226.52","-99.60","sleeper:1237132232770981888:12"
"394","Blake Prevost (@Actionisgone) Louisville Cardinals","137.75","228.48","-100.19","sleeper:1237466094931820544:11"
"395","Cassidy Hudson Los Angeles Angels","139.29","226.82","-100.31","sleeper:1237465030362939392:5"
"396","Fantasy In Frames - Jorge Edwards (@JorgeBEdwards) DC Defenders","143.91","222.08","-100.43","sleeper:1237312578619715584:2"
"397","Daniel Staesser Inter Miami CF","146.11","218.74","-101.57","sleeper:1237451590185529344:4"
"398","Ryan Holbrook (@TexasTechsans) Houston Rockets Live","143.07","221.10","-102.25","sleeper:1237119362708553728:4"
"399","Dave Kirk (@HavocNumber9) Vancouver Canadians Live","158.12","205.92","-102.38","sleeper:1237118157823426560:6"
"400","Declan Cassidy (@deccycas) New Hampshire Fisher Cats","146.23","217.74","-102.45","mfl:www43.myfantasyleague.com:2025:32524:0003"
"401","Michael Tyne (@Michaeltyne13) Sydney Swans Live","148.36","214.88","-103.18","sleeper:1237106577115185152:11"
"402","Front Office Pros - Joe Sheffield (@@Joe_FOP) Colorado Avalanche","142.17","220.80","-103.45","sleeper:1237309602459037696:4"
"403","Craig Linder (@Linder_lives) Beverly Hills Wildcats (Beverly Hills 90210)","141.17","221.70","-103.55","sleeper:1237305546965516288:9"
"404","Pro Football Network - Ben Rolfe (@BenRolfePFN) East Dillon Lions (Friday Night Lights)","139.47","223.38","-103.57","mfl:www43.myfantasyleague.com:2025:23455:0011"
"405","Robert Hom (@Fantasyhom) Colorado Buffaloes","138.54","223.76","-104.12","sleeper:1237309735858872320:3"
"406","John Byrne (@Byronchenko) Springfield Isotopes (Simpsons)","144.55","216.60","-105.27","mfl:www43.myfantasyleague.com:2025:11376:0009"
"407","Marc Maso (@Markin_NFL) FC Barcelona Live","135.76","225.22","-105.44","sleeper:1237120455618338816:6"
"408","Jim Cox (@tuljhwk) Kansas Jayhawks","150.18","210.38","-105.86","sleeper:1237453990774460416:4"
"409","Greg Berthiaume (@GREGGELS17) Notre Dame Fighting Irish","143.91","215.86","-106.65","sleeper:1237458311050186752:9"
"410","David Lane (@surrealdavelane) San Diego Wave FC","142.10","217.64","-106.68","sleeper:1237451675438960640:6"
"411","Devin Kann (@DevinKann) Tampa Bay Buccaneers Live","141.78","217.94","-106.70","sleeper:1237289354917847040:9"
"412","Tim Barichello Ottawa Redblacks","142.83","216.82","-106.77","sleeper:1237456633127247872:4"
"413","Marlon Walls (@Abrutha) Houston Roughnecks","141.00","218.50","-106.92","sleeper:1237450963749445632:6"
"414","Zack Grogan (@fantasy_zack) Manchester City","134.33","225.14","-106.95","sleeper:1237469896493764608:7"
"415","Matthew Smith Miami Hurricanes","138.94","220.52","-106.96","sleeper:1237474493249626112:3"
"416","Corey Bowlby (@CorBow533) Pitt Panthers Live","141.96","217.48","-106.98","sleeper:1237288434532360192:10"
"417","Kyle Shumway (@Ffpadawan ) Utah Jazz","137.64","221.46","-107.32","sleeper:1237438877065551872:5"
"418","Roman Spitko Calgary Stampeders","143.31","215.38","-107.73","sleeper:1237307845481857024:2"
"419","Cody Dewrell (@Codydewrell) Arizona Cardinals","134.94","223.54","-107.94","sleeper:1237303079209025536:4"
"420","FantasyHolics - Zach Gordon (@Tier1QB) Haas Racing","140.86","216.98","-108.58","sleeper:1237316595131371520:12"
"421","Troy Barnes (@Troyb_bbb) Tampa Bay Buccaneers Live","139.57","218.08","-108.77","sleeper:1237289354917847040:2"
"422","Schuyler Malak (@TheFFBuffalo) Virginia Cavaliers","138.53","219.12","-108.77","sleeper:1237438273844953089:7"
"423","Fantasy Wildcard, Wildcard DFS - Alastair Cook (@@FFDynastyGrill) Chelsea","148.35","208.66","-109.41","sleeper:1237308745042628608:9"
"424","Legendary Upside - Patrick Kerrane (@PatKerrane) Tottenham Hotspur","147.38","209.46","-109.58","sleeper:1237440128671023104:12"
"425","FantasyPros expert Ranker/Contributor (Adam Dove), The Fantasy Couriers Podcast (www.thefantasycouri - Adam Dove (@CouriersFantasy) Washington Sentinals (Replacements)","137.46","219.28","-109.68","mfl:www43.myfantasyleague.com:2025:25441:0004"
"426","Underdog Fantasy - Stacie Stern (@staciestern) Arizona State Sun Devils","144.88","211.82","-109.72","sleeper:1237303349766803456:10"
"427","Charles Burkhard Trackhouse Racing","139.31","217.34","-109.77","sleeper:1237440000623124480:3"
"428","Justin Cox (@JustinAllenCox) Winnipeg Jets","149.78","206.06","-110.58","sleeper:1237435945339338752:11"
"429","Ross Davis (@Rossfights) OKC 89ers Live","149.96","205.56","-110.90","sleeper:1237108445807644672:6"
"430","Edward Walsh Trackhouse Racing","153.54","200.68","-112.20","sleeper:1237440000623124480:8"
"431","Gridiron Granny (@kelly_dickerman) Boston Red Sox Live","143.45","210.08","-112.89","sleeper:1237293157243166720:10"
"432","The Dyno Construction Podcast - David Palcsak (@Fantasy_Munster) Colorado Rapids","141.87","211.42","-113.13","sleeper:1237309896618151936:10"
"433","Fantasy Powers League - Chris Slomba (@heerojay) Atlanta Braves Live","143.32","209.92","-113.18","sleeper:1237107079060135936:5"
"434","DWZ Network - Dallas Hyder (@SalladGalore) Kansas City Royals Live","144.62","208.58","-113.22","sleeper:1237128342746968064:8"
"435","Matthew Marlow Phoenix Suns","135.71","215.52","-115.19","sleeper:1237456109153820672:9"
"436","Martin Weeks (@luckyfantasyguy) London Monarchs Live","148.36","202.32","-115.74","sleeper:1237287074457980928:11"
"437","Orterio Villa (@@OVi11a) Tampa Bay Rays","135.80","214.84","-115.78","sleeper:1237441798897414144:11"
"438","Randy Rutherford (@raaaaaaaaandy) Vancouver Canucks Live","143.36","207.22","-115.84","sleeper:1237115296821542912:6"
"439","gamebreakersports.com - Tim King (@thetimkingshow ) Chicago Bulls Live","152.18","198.22","-116.02","sleeper:1237133746059104256:11"
"440","Footballguys - Colton Dodgson (@FFCDod) Phoenix Rising Live","141.16","208.52","-116.74","sleeper:1237110013470703616:6"
"441","FTN - Jeff Hicks (@otherjeffhicks) Hawaii Rainbow Warriors","149.41","200.10","-116.91","sleeper:1237450013353713664:2"
"442","Travis McAlister (@Queenctymtneer ) Mount St. Marys Mountaineers","143.48","205.66","-117.28","sleeper:1250318395379810304:6"
"443","Craig Ziak (@CraigZ2020) App State Mountaineers","156.43","192.42","-117.57","sleeper:1237302902251335680:11"
"444","Dynasty Nerds - Matthew Mitchell (@ReflipeWThenuz) Polk High School Panthers (Married with Children)","152.13","196.66","-117.63","mfl:www43.myfantasyleague.com:2025:65346:0002"
"445","Caroline Grady (@RoxyShepherd) Alpine Racing","141.41","207.16","-117.85","sleeper:1237302151357677568:1"
"446","bridget baker (@thebridgetbaker) Los Angeles FC","136.86","211.24","-118.32","sleeper:1237465444563042304:9"
"447","Joshua Evirs Ferrari","139.20","208.90","-118.32","sleeper:1237314775927488512:7"
"448","Matt Potts (@Jmattyp) Washington Valor Live","137.69","210.00","-118.73","sleeper:1237281250427797504:9"
"449","Jon Leonard TCU Horned Frogs","147.32","199.72","-119.38","sleeper:1237441668945285120:11"
"450","Casey Liebler (@_case88) Racine Belles (A League of Their Own)","142.06","204.60","-119.76","mfl:www43.myfantasyleague.com:2025:63643:0009"
"451","Sportsethos - Anthony Quaranta (@Aqfresh) Charlotte FC","148.69","197.68","-120.05","sleeper:1237308506130874368:1"
"452","FFFACEOFF - Brandon Braasch (@Brandonbraasch3) Team Penske","144.64","200.00","-121.78","sleeper:1237441349658103808:3"
"453","DynastyRankings.com - Nate Liss (@Anoutragedjew) A.J. Foyt Enterprises","148.45","196.14","-121.83","sleeper:1237296164190048256:4"
"454","Cole Jeffries (@colej313) TCU Horned Frogs","142.03","200.60","-123.79","sleeper:1237441668945285120:9"
"455","Catherine Insley (@Catheri4080775) Vancouver Whitecaps FC","133.27","209.32","-123.83","sleeper:1237438604389662720:10"
"456","Chelsie Hall (@Chelsiehall) Vanderbilt Commodores","138.05","204.18","-124.19","sleeper:1237438433190744064:2"
"457","Paul Buck (@TreewardenBuck ) Minnesota North Stars Live","141.33","200.72","-124.37","sleeper:1237294445213265920:7"
"458","Nate Rango (@Rango_) Arrow McLaren","138.65","203.02","-124.75","sleeper:1237303755519565824:9"
"459","Salvatore Leto (@sleto22) New York Yankees Live","143.41","198.18","-124.83","sleeper:1237291403164266496:3"
"460","Ernest Barton (@Bubbapuck) Annapolis Blues FC","147.55","193.76","-125.11","sleeper:1250321301055225856:6"
"461","Justin Hals (@jjhals) Sacramento Kings","141.01","200.12","-125.29","sleeper:1237452303938633728:3"
"462","PFF - Tim Sones (@TimothySones) New York Giants Live","151.28","189.42","-125.72","sleeper:1237290855316848640:4"
"463","Kevin Uvas (@seagrapeff) Nebraska Cornhuskers","135.15","204.60","-126.67","sleeper:1237464699029692416:11"
"464","Stephen Doctor Buffalo Bills Live","140.74","198.66","-127.02","sleeper:1237120742982701056:3"
"465","Nate Soulis (@natesoulis) Kansas City Current","145.91","192.82","-127.69","sleeper:1237453571352436736:6"
"466","Operation Domination - Chase Thornton (@SttChaseFFB) Memphis Showboats","145.15","193.04","-128.23","sleeper:1237471131561103360:4"
"467","The Undroppables - Tommy Molioo (@2on1tommy) Los Angeles FC","138.54","199.00","-128.88","sleeper:1237465444563042304:7"
"468","Wesley Booth (@ImtheRedHerring) Front Row Motorsports","142.84","193.02","-130.56","sleeper:1237315191541075968:9"
"469","Kris McAndrews (@Coachmcandrews ) Buffalo Bandits Live","148.68","187.04","-130.70","sleeper:1237121145631690752:3"
"470","David Eschmann (@XChainBangerx) Manchester Utd","153.35","178.96","-134.11","sleeper:1237470125905412096:1"
"471","Corey Hirt (@CoreyHirt827) New York Giants Live","149.19","182.36","-134.87","sleeper:1237290855316848640:5"
"472","Kenny Smith (@hashtagkenny) Houston Dash","151.03","179.72","-135.67","sleeper:1237450526459699200:2"
"473","Chalkpoints - Bobby Duke (@TheBobbyDuke) Charlotte Checkers Live","149.79","180.82","-135.81","sleeper:1237122534009225216:3"
"474","PlayerProfiler - Billy Muzio (@FFMuzio) Oregon Ducks","137.98","192.42","-136.02","sleeper:1237457053341974528:12"
"475","NBC Sports - Damian Dabrowski (@D_bro1389) Calgary Flames","137.05","190.38","-138.99","sleeper:1237307713688436736:10"
"476","Quentin Pasko (@Mr_Friskums) Rahal Letterman Lanigan Racing","141.84","183.44","-141.14","sleeper:1237453381916692480:10"
"477","Emiel Rahim (@Captaineggboy) Crystal Palace","146.50","178.46","-141.46","sleeper:1237310721050550272:11"
"478","Fusion FFB - Beryl Joffre (@FF_MedCabinet) Gotham Rogues (Batman)","144.69","179.22","-142.51","mfl:www43.myfantasyleague.com:2025:22171:0007"
"479","BrasilFantasyFootball / The Playoffs - André Amaral (@@andreamaral633) International Superstar Soccer Live","140.94","182.90","-142.58","sleeper:1237121822978228224:4"
"480","numberFire - Brandon Gdula (@gdula13) Washington Mystics","144.59","179.08","-142.75","sleeper:1237437225667416064:9"
"481","Cody King (@Operativekirtar) Cleveland Browns Live","143.94","178.02","-144.46","sleeper:1237113988962066432:3"
"482","Bret Kain (@Bret_kain) Seattle SuperSonics Live","149.17","170.84","-146.41","sleeper:1237111523562754048:8"
"483","Melissa Waybright (@@RorschachWay) Bournemouth","143.32","176.32","-146.78","sleeper:1237306396626657280:5"
"484","Club Fantasy FFL - Austin Amandolia (@Austin_FFL) Carolina Hurricanes","141.47","176.50","-148.45","sleeper:1237308122469511168:2"
"485","Ben Bonish (@Benbonish) Washington Commanders","139.49","178.12","-148.81","sleeper:1237437628786155520:1"
"486","Fantasymojo.com - Darren Armani (@Fantasymojo ) Penn State Nittany Lions","143.52","173.42","-149.48","sleeper:1237456371855667200:9"
"487","Underdog Fantasy - Mike Vanderheyden Bournemouth","139.72","176.32","-150.38","sleeper:1237306396626657280:5"
"488","IDP+ (Offensive Points Podcast) - Josh Hall (@JosHallSTL) Kansas City Monarchs Live","133.53","182.42","-150.47","sleeper:1237128590072487936:7"
"489","Pedro Puente Sultanes de Monterrey Live","137.98","176.20","-152.24","sleeper:1237102272542949376:11"
"490","David Davis (@Criimedogdavis ) CF Montreal","145.37","167.52","-153.53","sleeper:1237308375587373056:4"
"491","SFBPodathon - Sal Leto (@SalLetoFF) New Jersey Devils","142.44","170.02","-153.96","sleeper:1237464060975382528:8"
"492","CBS - Adam Aizer (@AdamAizer) Miami Hurricanes","138.39","170.10","-157.93","sleeper:1237474493249626112:8"
"493","FTN - Jeremy Popielarz (@Popesffh) Buffalo Sabres Live","138.17","165.66","-162.59","sleeper:1237120945211056128:10"
"494","Andrew Rosien (@Floorkillah) Aston Martin","144.30","157.68","-164.44","sleeper:1237304044070899712:2"
"495","Joel Fleischman (@JoelmFleischman) New Hampshire Fisher Cats","143.19","156.48","-166.75","mfl:www43.myfantasyleague.com:2025:32524:0010"
"496","Jarod Lenkiewicz Alpine Racing","150.74","147.02","-168.66","sleeper:1237302151357677568:4"
"497","Anthony North (@north_anthony) Dallas Stars Live","134.77","161.90","-169.75","sleeper:1237139913552437248:6"
"498","Underdog - Minh Pham Richard Childress Racing","143.30","143.78","-179.34","mfl:www43.myfantasyleague.com:2025:68216:0009"
"499","Anthony Jones (@Who_antjones) Duke Blue Devils","138.13","146.48","-181.81","sleeper:1237313232729804800:8"
"500","Stephan Pearce (@PearceRules) Colorado Rockies","144.42","136.72","-185.28","sleeper:1237310027153276928:1"
